Padlock Shim	PSV-BYP-001	400001001004
Latch Slip	PSV-BYP-002	400001002001
Auto Jigglers	PSV-BYP-003	400001003008
Blue Cross Key	PSV-BYP-004-001	400001004012
Black Cross Key	PSV-BYP-004-002	400001004029
Silver Cross Key	PSV-BYP-004-003	400001004036
Drop Key	PSV-BYP-005	400001005002
Keychain Latch Slip	PSV-BYP-006	400001006009
Magnetic Probe	PSV-BYP-007	400001007006
Medeco Bump Keys (set of 4 G3)	PSV-BYP-008-000	400001008003
Medeco Bump Key #1 G3	PSV-BYP-008-001	400001008010
Medeco Bump Key #2 G3	PSV-BYP-008-002	400001008027
Medeco Bump Key #3 G3	PSV-BYP-008-003	400001008034
Medeco Bump Key #4 G3	PSV-BYP-008-004	400001008041
Medeco Bump Keys (set of 4 W3)	PSV-BYP-008-005	400001008058
Medeco Bump Key #1 W3	PSV-BYP-008-006	400001008065
Medeco Bump Key #2 W3	PSV-BYP-008-007	400001008072
Medeco Bump Key #3 W3	PSV-BYP-008-008	400001008089
Medeco Bump Key #4 W3	PSV-BYP-008-009	400001008096
Slim Jim	PSV-BYP-009	400001009000
Thumbturn Bypass Tool	PSV-BYP-010	400001010006
Traveler Hook	PSV-BYP-011	400001011003
Utility Card	PSV-BYP-012	400001012000
Zener Diodes (x140)	PSV-BYP-013	400001013007
CH751	PSV-KYS-001	400002001003
EPCO 1	PSV-KYS-002-001	400002002017
EPCO 2	PSV-KYS-002-002	400002002024
EPCO MFD-1	PSV-KYS-002-003	400002002031
EPCO MFD-1 Fire Engraving	PSV-KYS-002-004	400002002048
Handcuff Keys (Metal)	PSV-KYS-003	400002003007
0135X	PSV-KYS-004	400002004004
0151X	PSV-KYS-005	400002005001
0576X	PSV-KYS-006	400002006008
1111X	PSV-KYS-007	400002007005
1147 Tractor Key	PSV-KYS-008	400002008002
1284X	PSV-KYS-009	400002009009
1294X	PSV-KYS-010	400002010005
1435X	PSV-KYS-011	400002011002
NY 1620 Key	PSV-KYS-012	400002012009
NY 2642 Key	PSV-KYS-013	400002013006
A126	PSV-KYS-014	400002014003
C346A	PSV-KYS-015-001	400002015017
C390A	PSV-KYS-015-002	400002015024
C413A	PSV-KYS-015-003	400002015031
C415A	PSV-KYS-015-004	400002015048
C420A	PSV-KYS-015-005	400002015055
C642A	PSV-KYS-015-006	400002015062
CAT 15	PSV-KYS-016-001	400002016014
CAT 30	PSV-KYS-016-002	400002016021
CAT 45	PSV-KYS-016-003	400002016038
CAT 60	PSV-KYS-016-004	400002016045
CAT 74	PSV-KYS-016-005	400002016052
CAT Ignition Key	PSV-KYS-017	400002017004
CC1 Golf Cart Key	PSV-KYS-018	400002018001
501CH	PSV-KYS-019	400002019008
Doorking Key	PSV-KYS-020-001	400002020011
Linear Key	PSV-KYS-020-002	400002020028
Mircom Key	PSV-KYS-020-003	400002020035
PK625 Sentex Enterphone Key	PSV-KYS-020-004	400002020042
EK333	PSV-KYS-021	400002021001
EX511	PSV-KYS-022-001	400002022015
EX513	PSV-KYS-022-002	400002022022
EX514	PSV-KYS-022-003	400002022039
EX515	PSV-KYS-022-004	400002022046
EX512	PSV-KYS-022-005	400002022053
EX516	PSV-KYS-022-006	400002022060
EX517	PSV-KYS-022-007	400002022077
EX518	PSV-KYS-022-008	400002022084
EX519	PSV-KYS-022-009	400002022091
FEO K1	PSV-KYS-023	400002023005
Forklift Key (Generic)	PSV-KYS-024	400002024002
Kone 1	PSV-KYS-025-001	400002025016
Kone 2	PSV-KYS-025-002	400002025023
Kone 3	PSV-KYS-025-003	400002025030
Kone 4	PSV-KYS-025-004	400002025047
Kone 5	PSV-KYS-025-005	400002025054
Schlage ICA (Black)	PSV-KYS-026-001	400002026013
Schlage ICA (Brass)	PSV-KYS-026-002	400002026020
Schlage ICB	PSV-KYS-026-003	400002026037
Schlage ICC	PSV-KYS-026-004	400002026044
Skyjack Key	PSV-KYS-027	400002027003
X4001	PSV-KYS-028-001	400002028017
X4002	PSV-KYS-028-002	400002028024
X4003	PSV-KYS-028-003	400002028031
X4004	PSV-KYS-028-004	400002028048
X4005	PSV-KYS-028-005	400002028055
X4006	PSV-KYS-028-006	400002028062
X4007	PSV-KYS-028-007	400002028079
X4008	PSV-KYS-028-008	400002028086
X4009	PSV-KYS-028-009	400002028093
Set of MAD X4001-8	PSV-KYS-028-990	400002028990
CAT Master Disconnect Key	PSV-KYS-029	400002029007
Forklift Key (Mitsubishi)	PSV-KYS-030	400002030003
Unauthorised Personnel Shirt XXS	PSV-MRC-001-001	400003001019
Unauthorised Personnel Shirt XS	PSV-MRC-001-002	400003001026
Unauthorised Personnel Shirt S	PSV-MRC-001-003	400003001033
Unauthorised Personnel Shirt M	PSV-MRC-001-004	400003001040
Unauthorised Personnel Shirt L	PSV-MRC-001-005	400003001057
Unauthorised Personnel Shirt XL	PSV-MRC-001-006	400003001064
Unauthorised Personnel Shirt XXL	PSV-MRC-001-007	400003001071
Unauthorised Personnel Shirt 3XL	PSV-MRC-001-008	400003001088
Cable Key Ring	PSV-MSC-001	400004001001
Handcuffs	PSV-MSC-002	400004002008
Screwdriver Set	PSV-MSC-003	400004003005
UV Pen	PSV-MSC-005	400004005009
Lockpicking practice set	PSV-MSC-006	400004006006
Proxmark3 Easy (Iceman Firmware)	PSV-RFID-001	400005001000
HF RFID Fob	PSV-RFID-002-001	400005002014
LF RFID Fob	PSV-RFID-002-002	400005002021
Detex DT001	PSV-KYS-031-001	400002031017
Detex DT002	PSV-KYS-031-002	400002031024
Detex DT003	PSV-KYS-031-003	400002031031
Detex DT004	PSV-KYS-031-004	400002031048
Detex DT005	PSV-KYS-031-005	400002031055
Detex DT006	PSV-KYS-031-006	400002031062
Detex DT007	PSV-KYS-031-007	400002031079
Detex DT008	PSV-KYS-031-008	400002031086
Detex DT009	PSV-KYS-031-009	400002031093
Detex DT010	PSV-KYS-031-010	400002031109
Detex DT011	PSV-KYS-031-011	400002031116
Detex DT012	PSV-KYS-031-012	400002031123
Detex DT013	PSV-KYS-031-013	400002031130
Detex DT014	PSV-KYS-031-014	400002031147
Detex DT015	PSV-KYS-031-015	400002031154
Detex DT016	PSV-KYS-031-016	400002031161
Detex DT017	PSV-KYS-031-017	400002031178
Detex DT018	PSV-KYS-031-018	400002031185
Detex DT019	PSV-KYS-031-019	400002031192
Detex DT020	PSV-KYS-031-020	400002031208
Detex DT021	PSV-KYS-031-021	400002031215
Detex DT022	PSV-KYS-031-022	400002031222
Detex DT023	PSV-KYS-031-023	400002031239
Detex DT024	PSV-KYS-031-024	400002031246
Detex DT025	PSV-KYS-031-025	400002031253
Detex DT026	PSV-KYS-031-026	400002031260
Detex DT027	PSV-KYS-031-027	400002031277
Detex DT028	PSV-KYS-031-028	400002031284
Detex DT029	PSV-KYS-031-029	400002031291
Detex DT030	PSV-KYS-031-030	400002031307
NY Elec 47	PSV-KYS-032	400002032007
Plastic/Covert Handcuff Keys - Non-pop Black	PSV-KYS-033-001	400002033011
Plastic/Covert Handcuff Keys - Pop Black	PSV-KYS-033-002	400002033028
Plastic/Covert Handcuff Keys - Pop Green	PSV-KYS-033-003	400002033035
Plastic/Covert Handcuff Keys - Pop Tan	PSV-KYS-033-004	400002033042
1416 Utility Key	PSV-KYS-034	400002034001
Lishi - SC1	PSV-BYP-014-001	400001014011
Lishi - SC4	PSV-BYP-014-002	400001014028
Lishi - KW1	PSV-BYP-014-003	400001014035
Lishi - KW5	PSV-BYP-014-004	400001014042
Lishi - SC1-L	PSV-BYP-014-005	400001014059
Lishi - SC4-L	PSV-BYP-014-006	400001014066
Lishi - KW1-L	PSV-BYP-014-007	400001014073
Lishi - KW5-L	PSV-BYP-014-008	400001014080
Lishi - SC20	PSV-BYP-014-009	400001014097
Lishi - SC123/C123	PSV-BYP-014-010	400001014103
Lishi - Yale 5	PSV-BYP-014-011	400001014110
Lishi - Yale 5B	PSV-BYP-014-012	400001014127
Lishi - Yale 6	PSV-BYP-014-013	400001014134
Lishi - TE2	PSV-BYP-014-014	400001014141
Lishi - LW4	PSV-BYP-014-015	400001014158
Lishi - LW5	PSV-BYP-014-016	400001014165
Lishi - R52	PSV-BYP-014-017	400001014172
Lishi - R52L	PSV-BYP-014-018	400001014189
Lishi - HD5649	PSV-BYP-014-019	400001014196
Lishi - KPT-1	PSV-BYP-014-020	400001014202
Lishi - 1646R	PSV-BYP-014-021	400001014219
Lishi - 1646/1069L	PSV-BYP-014-022	400001014226
Lishi - AM5	PSV-BYP-014-023	400001014233
Lishi - M1/MS2	PSV-BYP-014-024	400001014240
Lishi - BE2-7	PSV-BYP-014-025	400001014257
Latch Slip with Plastic Handle	PSV-BYP-015-001	400001015018
Double Door Tool	PSV-BYP-016-001	400001016015
Padlock Bypass Driver	PSV-BYP-017-001	400001017012
Adams Rite Bypass Driver	PSV-BYP-018-001	400001018019
Best Construction Key (Green)	PSV-KYS-035-001	400002035015
SC1 Bump Key	PSV-KYS-036-001	400002036012
KW1 Bump Key	PSV-KYS-036-002	400002036029
SC4 Bump Key	PSV-KYS-036-003	400002036036
AR1 Bump Key	PSV-KYS-036-004	400002036043
WR5 Bump Key	PSV-KYS-036-005	400002036050
Y1 Bump Key	PSV-KYS-036-006	400002036067
Master M1 Bump Key	PSV-KYS-036-007	400002036074
Bump Key Rebound Rings	PSV-KYS-036-008	400002036081
Warded Picks (set of 5 various)	PSV-BYP-018	400001018002
